scenario,probe,BAF,LRR
normal,1,0.000,0
normal,2,0.500,0
normal,3,1.000,0
normal,4,0.000,0
normal,5,0.500,0
normal,6,1.000,0
normal,7,0.000,0
normal,8,0.500,0
normal,9,1.000,0
normal,10,0.000,0
normal,11,0.500,0
normal,12,1.000,0
deletion,1,0.000,-0.6
deletion,2,1.000,-0.6
deletion,3,0.000,-0.6
deletion,4,1.000,-0.6
deletion,5,0.000,-0.6
deletion,6,1.000,-0.6
deletion,7,0.000,-0.6
deletion,8,1.000,-0.6
deletion,9,0.000,-0.6
deletion,10,1.000,-0.6
deletion,11,0.000,-0.6
deletion,12,1.000,-0.6
duplication,1,0.000,0.3
duplication,2,0.333,0.3
duplication,3,0.667,0.3
duplication,4,1.000,0.3
duplication,5,0.000,0.3
duplication,6,0.333,0.3
duplication,7,0.667,0.3
duplication,8,1.000,0.3
duplication,9,0.000,0.3
duplication,10,0.333,0.3
duplication,11,0.667,0.3
duplication,12,1.000,0.3
ROH,1,0.000,0
ROH,2,1.000,0
ROH,3,0.000,0
ROH,4,1.000,0
ROH,5,0.000,0
ROH,6,1.000,0
ROH,7,0.000,0
ROH,8,1.000,0
ROH,9,0.000,0
ROH,10,1.000,0
ROH,11,0.000,0
ROH,12,1.000,0
