"sample_id","patient_id","condition","batch","PC1","PC2"
"S01","SIM01","Control","B1",-9.73680458343197,8.84096836793903
"S02","SIM02","Control","B1",-9.01643224771338,8.64027742237999
"S03","SIM03","Control","B1",-10.6788120992866,8.27316929665829
"S04","SIM04","Case","B1",10.0952809445026,8.85364438897275
"S05","SIM05","Case","B1",10.7923872191373,8.1308743488405
"S06","SIM06","Case","B1",11.174103213902,7.21743074700868
"S07","SIM07","Control","B2",-10.4591182008802,-7.75417170681032
"S08","SIM08","Control","B2",-10.6089109737466,-8.88492699784943
"S09","SIM09","Control","B2",-10.7213204489623,-7.01548441900796
"S10","SIM10","Case","B2",9.94192772705635,-8.98855760159395
"S11","SIM11","Case","B2",9.91966315751755,-9.13553039778458
"S12","SIM12","Case","B2",9.29803629190523,-8.17769344875299
